"CenterLat","CenterLong","richness"
26.75,-14.25,394
26.75,-13.75,372
26.75,-13.25,363
26.75,33.75,331
26.75,34.25,331
26.75,34.75,1
26.75,35.25,1
26.75,35.75,240
26.75,36.25,289
27.25,-14.25,55
27.25,-13.75,253
27.25,-13.25,417
27.25,33.75,358
27.25,34.25,363
27.25,34.75,5
27.25,35.25,45
27.25,35.75,235
27.75,-14.25,55
27.75,-13.75,64
27.75,-13.25,413
27.75,-12.75,400
27.75,33.75,358
27.75,34.25,371
27.75,34.75,360
27.75,35.25,381
27.75,35.75,382
28.25,-14.25,480
28.25,-13.75,475
28.25,-13.25,288
28.25,-12.75,481
28.25,-12.25,469
28.25,-11.75,411
28.25,-11.25,238
28.25,33.25,188
28.25,33.75,332
28.25,34.25,275
28.25,34.75,309
28.25,35.25,305
28.75,-14.25,457
28.75,-13.75,475
28.75,-13.25,374
28.75,-12.75,375
28.75,-12.25,419
28.75,-11.75,429
28.75,-11.25,349
28.75,-10.75,321
28.75,32.75,13
28.75,33.25,334
28.75,34.75,247
29.25,-14.25,56
29.25,-13.75,460
29.25,-13.25,463
29.25,-12.75,56
29.25,-12.25,139
29.25,-11.75,220
29.25,-11.25,440
29.25,-10.75,337
29.25,-10.25,348
29.25,32.75,193
29.25,33.25,309
29.25,34.75,255
29.25,35.25,62
29.75,-14.25,56
29.75,-13.75,56
29.75,-13.25,91
29.75,-12.75,210
29.75,-12.25,65
29.75,-11.75,54
29.75,-11.25,54
29.75,-10.75,124
29.75,-10.25,436
29.75,-9.75,437
29.75,32.25,221
29.75,32.75,211
29.75,34.75,292
30.25,-14.25,53
30.25,-13.75,55
30.25,-13.25,62
30.25,-12.75,204
30.25,-12.25,61
30.25,-11.75,53
30.25,-11.25,53
30.25,-10.75,53
30.25,-10.25,62
30.25,-9.75,361
30.25,18.75,152
30.25,19.25,207
30.25,19.75,276
30.75,-14.25,53
30.75,-13.75,55
30.75,-13.25,90
30.75,-12.75,59
30.75,-12.25,54
30.75,-11.75,53
30.75,-11.25,53
30.75,-10.75,210
30.75,-10.25,300
30.75,-9.75,393
30.75,17.75,160
30.75,18.25,59
30.75,18.75,176
30.75,19.25,152
30.75,19.75,235
30.75,20.25,257
30.75,28.75,226
30.75,29.25,203
31.25,-14.25,54
31.25,-13.75,188
31.25,-13.25,54
31.25,-12.75,62
31.25,-12.25,54
31.25,-11.75,53
31.25,-11.25,53
31.25,-10.75,60
31.25,-10.25,327
31.25,-9.75,400
31.25,15.75,214
31.25,16.25,372
31.25,16.75,378
31.25,17.25,335
31.25,17.75,204
31.25,18.25,206
31.25,18.75,35
31.25,19.25,10
31.25,19.75,253
31.25,20.25,269
31.25,26.75,157
31.25,27.25,208
31.25,27.75,250
31.25,28.25,241
31.25,28.75,243
31.25,29.25,158
31.25,29.75,236
31.25,30.25,204
31.25,30.75,78
31.25,31.75,147
31.25,32.25,158
31.25,32.75,162
31.25,33.25,153
31.25,33.75,154
31.25,34.25,150
31.75,-14.25,51
31.75,-13.75,53
31.75,-13.25,53
31.75,-12.75,53
31.75,-12.25,53
31.75,-11.75,52
31.75,-11.25,53
31.75,-10.75,53
31.75,-10.25,241
31.75,-9.75,404
31.75,-9.25,373
31.75,15.25,79
31.75,15.75,226
31.75,16.25,127
31.75,16.75,47
31.75,17.25,27
31.75,17.75,21
31.75,18.25,9
31.75,18.75,10
31.75,19.25,25
31.75,19.75,240
31.75,20.25,123
31.75,25.25,140
31.75,25.75,137
31.75,26.25,117
31.75,26.75,113
31.75,27.25,51
31.75,27.75,2
31.75,28.25,2
31.75,28.75,2
31.75,29.25,2
31.75,29.75,52
31.75,30.25,192
31.75,30.75,115
31.75,31.25,122
31.75,31.75,192
31.75,32.25,165
31.75,32.75,88
31.75,33.25,63
31.75,33.75,45
31.75,34.25,153
31.75,34.75,166
32.25,-14.25,49
32.25,-13.75,49
32.25,-13.25,50
32.25,-12.75,50
32.25,-12.25,50
32.25,-11.75,50
32.25,-11.25,53
32.25,-10.75,51
32.25,-10.25,51
32.25,-9.75,354
32.25,-9.25,425
32.25,14.75,311
32.25,15.25,219
32.25,15.75,218
32.25,16.25,86
32.25,16.75,12
32.25,17.25,11
32.25,17.75,11
32.25,18.25,9
32.25,18.75,10
32.25,19.25,16
32.25,19.75,187
32.25,20.25,201
32.25,23.25,122
32.25,23.75,133
32.25,24.25,166
32.25,24.75,164
32.25,25.25,109
32.25,25.75,3
32.25,26.25,3
32.25,26.75,3
32.25,27.25,3
32.25,27.75,3
32.25,28.25,3
32.25,28.75,3
32.25,29.25,3
32.25,29.75,3
32.25,30.25,46
32.25,30.75,60
32.25,31.25,42
32.25,31.75,43
32.25,32.25,28
32.25,32.75,2
32.25,33.25,1
32.25,33.75,1
32.25,34.25,1
32.25,34.75,184
32.75,-14.25,48
32.75,-13.75,47
32.75,-13.25,48
32.75,-12.75,48
32.75,-12.25,49
32.75,-11.75,49
32.75,-11.25,50
32.75,-10.75,50
32.75,-10.25,51
32.75,-9.75,238
32.75,-9.25,456
32.75,-8.75,448
32.75,12.25,394
32.75,12.75,460
32.75,13.25,436
32.75,13.75,497
32.75,14.25,428
32.75,14.75,405
32.75,15.25,152
32.75,15.75,25
32.75,16.25,12
32.75,16.75,12
32.75,17.25,11
32.75,17.75,11
32.75,18.25,8
32.75,18.75,8
32.75,19.25,9
32.75,19.75,10
32.75,20.25,187
32.75,20.75,202
32.75,21.25,192
32.75,21.75,210
32.75,22.25,196
32.75,22.75,141
32.75,23.25,175
32.75,23.75,44
32.75,24.25,3
32.75,24.75,3
32.75,25.25,3
32.75,25.75,3
32.75,26.25,3
32.75,26.75,3
32.75,27.25,3
32.75,27.75,3
32.75,28.25,3
32.75,28.75,3
32.75,29.25,3
32.75,29.75,3
32.75,30.25,3
32.75,30.75,3
32.75,31.25,2
32.75,31.75,2
32.75,32.25,2
32.75,32.75,2
32.75,33.25,1
32.75,33.75,1
32.75,34.25,2
32.75,34.75,180
32.75,35.25,173
33.25,-14.25,47
33.25,-13.75,47
33.25,-13.25,47
33.25,-12.75,47
33.25,-12.25,47
33.25,-11.75,47
33.25,-11.25,48
33.25,-10.75,48
33.25,-10.25,51
33.25,-9.75,52
33.25,-9.25,229
33.25,-8.75,468
33.25,-8.25,468
33.25,11.25,470
33.25,11.75,436
33.25,12.25,455
33.25,12.75,328
33.25,13.25,292
33.25,13.75,239
33.25,14.25,51
33.25,14.75,21
33.25,15.25,16
33.25,15.75,15
33.25,16.25,13
33.25,16.75,13
33.25,17.25,10
33.25,17.75,10
33.25,18.25,8
33.25,18.75,8
33.25,19.25,8
33.25,19.75,9
33.25,20.25,8
33.25,20.75,8
33.25,21.25,6
33.25,21.75,6
33.25,22.25,7
33.25,22.75,8
33.25,23.25,6
33.25,23.75,3
33.25,24.25,3
33.25,24.75,3
33.25,25.25,3
33.25,25.75,3
33.25,26.25,3
33.25,26.75,3
33.25,27.25,3
33.25,27.75,3
33.25,28.25,3
33.25,28.75,3
33.25,29.25,3
33.25,29.75,3
33.25,30.25,3
33.25,30.75,3
33.25,31.25,2
33.25,31.75,2
33.25,32.25,2
33.25,32.75,2
33.25,33.25,2
33.25,33.75,2
33.25,34.25,2
33.25,34.75,36
33.25,35.25,191
33.75,-14.25,81
33.75,-13.75,47
33.75,-13.25,47
33.75,-12.75,47
33.75,-12.25,47
33.75,-11.75,47
33.75,-11.25,47
33.75,-10.75,47
33.75,-10.25,48
33.75,-9.75,50
33.75,-9.25,53
33.75,-8.75,215
33.75,-8.25,311
33.75,-7.75,484
33.75,-7.25,485
33.75,-6.75,469
33.75,10.25,486
33.75,10.75,449
33.75,11.25,473
33.75,11.75,343
33.75,12.25,280
33.75,12.75,245
33.75,13.25,67
33.75,13.75,40
33.75,14.25,25
33.75,14.75,30
33.75,15.25,17
33.75,15.75,16
33.75,16.25,13
33.75,16.75,13
33.75,17.25,11
33.75,17.75,10
33.75,18.25,8
33.75,18.75,8
33.75,19.25,8
33.75,19.75,9
33.75,20.25,8
33.75,20.75,8
33.75,21.25,6
33.75,21.75,6
33.75,22.25,5
33.75,22.75,5
33.75,23.25,3
33.75,23.75,3
33.75,24.25,3
33.75,24.75,3
33.75,25.25,3
33.75,25.75,3
33.75,26.25,3
33.75,26.75,3
33.75,27.25,3
33.75,27.75,3
33.75,28.25,3
33.75,28.75,3
33.75,29.25,3
33.75,29.75,3
33.75,30.25,3
33.75,30.75,3
33.75,31.25,2
33.75,31.75,2
33.75,32.25,2
33.75,32.75,2
33.75,33.25,2
33.75,33.75,2
33.75,34.25,2
33.75,34.75,2
33.75,35.25,174
33.75,35.75,191
34.25,-14.25,47
34.25,-13.75,46
34.25,-13.25,46
34.25,-12.75,46
34.25,-12.25,46
34.25,-11.75,46
34.25,-11.25,46
34.25,-10.75,46
34.25,-10.25,46
34.25,-9.75,47
34.25,-9.25,48
34.25,-8.75,51
34.25,-8.25,59
34.25,-7.75,205
34.25,-7.25,213
34.25,-6.75,478
34.25,10.25,497
34.25,10.75,390
34.25,11.25,356
34.25,11.75,317
34.25,12.25,237
34.25,12.75,210
34.25,13.25,214
34.25,13.75,151
34.25,14.25,128
34.25,14.75,146
34.25,15.25,30
34.25,15.75,27
34.25,16.25,15
34.25,16.75,16
34.25,17.25,10
34.25,17.75,10
34.25,18.25,8
34.25,18.75,8
34.25,19.25,8
34.25,19.75,8
34.25,20.25,8
34.25,20.75,8
34.25,21.25,6
34.25,21.75,6
34.25,22.25,4
34.25,22.75,4
34.25,23.25,3
34.25,23.75,3
34.25,24.25,3
34.25,24.75,3
34.25,25.25,3
34.25,25.75,3
34.25,26.25,3
34.25,26.75,3
34.25,27.25,3
34.25,27.75,3
34.25,28.25,3
34.25,28.75,3
34.25,29.25,3
34.25,29.75,3
34.25,30.25,3
34.25,30.75,3
34.25,31.25,1
34.25,31.75,1
34.25,32.25,1
34.25,32.75,2
34.25,33.25,2
34.25,33.75,1
34.25,34.25,1
34.25,34.75,1
34.25,35.25,1
34.25,35.75,190
34.75,-14.25,48
34.75,-13.75,46
34.75,-13.25,47
34.75,-12.75,47
34.75,-12.25,47
34.75,-11.75,47
34.75,-11.25,47
34.75,-10.75,46
34.75,-10.25,46
34.75,-9.75,47
34.75,-9.25,48
34.75,-8.75,51
34.75,-8.25,51
34.75,-7.75,51
34.75,-7.25,53
34.75,-6.75,413
34.75,-6.25,470
34.75,10.25,97
34.75,10.75,463
34.75,11.25,461
34.75,11.75,467
34.75,12.25,346
34.75,12.75,304
34.75,13.25,218
34.75,13.75,156
34.75,14.25,26
34.75,14.75,39
34.75,15.25,103
34.75,15.75,50
34.75,16.25,20
34.75,16.75,16
34.75,17.25,14
34.75,17.75,12
34.75,18.25,8
34.75,18.75,8
34.75,19.25,8
34.75,19.75,8
34.75,20.25,8
34.75,20.75,8
34.75,21.25,8
34.75,21.75,6
34.75,22.25,7
34.75,22.75,7
34.75,23.25,3
34.75,23.75,39
34.75,24.25,150
34.75,24.75,136
34.75,25.25,119
34.75,25.75,48
34.75,26.25,104
34.75,26.75,3
34.75,27.25,3
34.75,27.75,3
34.75,28.25,5
34.75,28.75,3
34.75,29.25,3
34.75,29.75,3
34.75,30.25,3
34.75,30.75,3
34.75,31.25,1
34.75,31.75,1
34.75,32.25,60
34.75,32.75,82
34.75,33.25,103
34.75,33.75,92
34.75,34.25,89
34.75,34.75,1
34.75,35.25,2
34.75,35.75,182
34.75,36.25,149
35.25,-14.25,46
35.25,-13.75,45
35.25,-13.25,46
35.25,-12.75,49
35.25,-12.25,46
35.25,-11.75,46
35.25,-11.25,46
35.25,-10.75,45
35.25,-10.25,46
35.25,-9.75,48
35.25,-9.25,51
35.25,-8.75,51
35.25,-8.25,51
35.25,-7.75,51
35.25,-7.25,51
35.25,-6.75,132
35.25,-6.25,471
35.25,-5.25,628
35.25,-4.75,665
35.25,-4.25,661
35.25,-3.75,663
35.25,-3.25,664
35.25,-2.75,667
35.25,-2.25,660
35.25,-1.75,659
35.25,-1.25,617
35.25,10.75,183
35.25,11.25,542
35.25,11.75,448
35.25,12.25,376
35.25,12.75,442
35.25,13.25,268
35.25,13.75,190
35.25,14.25,25
35.25,14.75,85
35.25,15.25,137
35.25,15.75,68
35.25,16.25,18
35.25,16.75,16
35.25,17.25,13
35.25,17.75,14
35.25,18.25,10
35.25,18.75,10
35.25,19.25,10
35.25,19.75,10
35.25,20.25,10
35.25,20.75,10
35.25,21.25,7
35.25,21.75,7
35.25,22.25,8
35.25,22.75,8
35.25,23.25,8
35.25,23.75,238
35.25,24.25,224
35.25,24.75,220
35.25,25.25,217
35.25,25.75,213
35.25,26.25,211
35.25,26.75,211
35.25,27.25,200
35.25,27.75,5
35.25,28.25,5
35.25,28.75,5
35.25,29.25,3
35.25,29.75,3
35.25,30.25,3
35.25,30.75,5
35.25,31.25,5
35.25,31.75,5
35.25,32.25,131
35.25,32.75,155
35.25,33.25,185
35.25,33.75,186
35.25,34.25,121
35.25,34.75,2
35.25,35.25,2
35.25,35.75,175
35.75,-14.25,45
35.75,-13.75,45
35.75,-13.25,45
35.75,-12.75,45
35.75,-12.25,45
35.75,-11.75,45
35.75,-11.25,45
35.75,-10.75,46
35.75,-10.25,47
35.75,-9.75,50
35.75,-9.25,51
35.75,-8.75,51
35.75,-8.25,51
35.75,-7.75,49
35.75,-7.25,51
35.75,-6.75,60
35.75,-6.25,443
35.75,-5.75,462
35.75,-5.25,651
35.75,-4.75,196
35.75,-4.25,35
35.75,-3.75,221
35.75,-3.25,278
35.75,-2.75,665
35.75,-2.25,156
35.75,-1.75,77
35.75,-1.25,625
35.75,-0.75,605
35.75,-0.25,605
35.75,0.25,557
35.75,10.75,571
35.75,11.25,561
35.75,11.75,428
35.75,12.25,539
35.75,12.75,532
35.75,13.25,202
35.75,13.75,24
35.75,14.25,460
35.75,14.75,473
35.75,15.25,230
35.75,15.75,22
35.75,16.25,16
35.75,16.75,15
35.75,17.25,13
35.75,17.75,13
35.75,18.25,10
35.75,18.75,10
35.75,19.25,10
35.75,19.75,10
35.75,20.25,10
35.75,20.75,10
35.75,21.25,7
35.75,21.75,7
35.75,22.25,8
35.75,22.75,8
35.75,23.25,249
35.75,23.75,242
35.75,24.25,218
35.75,24.75,5
35.75,25.25,18
35.75,25.75,51
35.75,26.25,211
35.75,26.75,85
35.75,27.25,198
35.75,27.75,201
35.75,28.25,5
35.75,28.75,5
35.75,29.25,5
35.75,29.75,5
35.75,30.25,5
35.75,30.75,5
35.75,31.25,5
35.75,31.75,5
35.75,32.25,5
35.75,32.75,18
35.75,33.25,5
35.75,33.75,6
35.75,34.25,177
35.75,34.75,172
35.75,35.25,4
35.75,35.75,176
36.25,-14.25,48
36.25,-13.75,45
36.25,-13.25,46
36.25,-12.75,46
36.25,-12.25,46
36.25,-11.75,52
36.25,-11.25,51
36.25,-10.75,48
36.25,-10.25,50
36.25,-9.75,52
36.25,-9.25,52
36.25,-8.75,53
36.25,-8.25,51
36.25,-7.75,57
36.25,-7.25,57
36.25,-6.75,340
36.25,-6.25,639
36.25,-5.75,665
36.25,-5.25,572
36.25,-4.75,568
36.25,-4.25,181
36.25,-3.75,80
36.25,-3.25,35
36.25,-2.75,289
36.25,-2.25,29
36.25,-1.75,29
36.25,-1.25,29
36.25,-0.75,28
36.25,-0.25,297
36.25,0.25,608
36.25,0.75,621
36.25,10.25,180
36.25,10.75,524
36.25,11.25,424
36.25,11.75,205
36.25,12.25,82
36.25,12.75,28
36.25,13.25,29
36.25,13.75,46
36.25,14.25,479
36.25,14.75,212
36.25,15.25,212
36.25,15.75,22
36.25,16.25,14
36.25,16.75,14
36.25,17.25,13
36.25,17.75,13
36.25,18.25,10
36.25,18.75,10
36.25,19.25,10
36.25,19.75,10
36.25,20.25,9
36.25,20.75,9
36.25,21.25,5
36.25,21.75,5
36.25,22.25,244
36.25,22.75,254
36.25,23.25,252
36.25,23.75,6
36.25,24.25,5
36.25,24.75,22
36.25,25.25,215
36.25,25.75,211
36.25,26.25,206
36.25,26.75,208
36.25,27.25,115
36.25,27.75,115
36.25,28.25,117
36.25,28.75,5
36.25,29.25,204
36.25,29.75,142
36.25,30.25,137
36.25,30.75,205
36.25,31.25,5
36.25,31.75,5
36.25,32.25,202
36.25,32.75,204
36.25,33.25,202
36.25,33.75,203
36.25,34.25,183
36.25,34.75,71
36.25,35.25,96
36.25,35.75,180
36.25,36.25,96
36.75,-14.25,93
36.75,-13.75,49
36.75,-13.25,48
36.75,-12.75,46
36.75,-12.25,49
36.75,-11.75,292
36.75,-11.25,230
36.75,-10.75,56
36.75,-10.25,52
36.75,-9.75,52
36.75,-9.25,224
36.75,-8.75,397
36.75,-8.25,607
36.75,-7.75,715
36.75,-7.25,358
36.75,-6.75,424
36.75,-6.25,629
36.75,-4.75,497
36.75,-4.25,582
36.75,-3.75,649
36.75,-3.25,661
36.75,-2.75,624
36.75,-2.25,623
36.75,-1.75,615
36.75,-1.25,29
36.75,-0.75,28
36.75,-0.25,28
36.75,0.25,29
36.75,0.75,43
36.75,1.25,619
36.75,1.75,622
36.75,2.25,630
36.75,2.75,629
36.75,3.25,633
36.75,3.75,633
36.75,4.25,632
36.75,4.75,636
36.75,5.25,634
36.75,5.75,635
36.75,6.25,629
36.75,6.75,595
36.75,7.25,582
36.75,7.75,588
36.75,8.25,575
36.75,8.75,569
36.75,10.25,561
36.75,10.75,537
36.75,11.25,560
36.75,11.75,523
36.75,12.25,528
36.75,12.75,279
36.75,13.25,233
36.75,13.75,81
36.75,14.25,524
36.75,14.75,431
36.75,15.25,464
36.75,15.75,18
36.75,16.25,14
36.75,16.75,14
36.75,17.25,13
36.75,17.75,13
36.75,18.25,10
36.75,18.75,10
36.75,19.25,10
36.75,19.75,10
36.75,20.25,9
36.75,20.75,9
36.75,21.25,5
36.75,21.75,244
36.75,22.25,249
36.75,22.75,254
36.75,23.25,253
36.75,23.75,249
36.75,24.25,226
36.75,24.75,223
36.75,25.25,113
36.75,25.75,215
36.75,26.25,210
36.75,26.75,208
36.75,27.25,61
36.75,27.75,115
36.75,28.25,52
36.75,28.75,44
36.75,29.25,74
36.75,30.75,205
36.75,31.25,205
36.75,31.75,206
36.75,32.25,204
36.75,34.25,184
36.75,34.75,162
36.75,35.25,164
36.75,35.75,180
36.75,36.25,152
37.25,-14.25,48
37.25,-13.75,48
37.25,-13.25,47
37.25,-12.75,47
37.25,-12.25,47
37.25,-11.75,47
37.25,-11.25,50
37.25,-10.75,50
37.25,-10.25,50
37.25,-9.75,50
37.25,-9.25,345
37.25,-8.75,659
37.25,-8.25,619
37.25,-7.75,684
37.25,-7.25,573
37.25,-6.75,628
37.25,-1.75,623
37.25,-1.25,592
37.25,-0.75,29
37.25,-0.25,29
37.25,0.25,29
37.25,0.75,29
37.25,1.25,30
37.25,1.75,30
37.25,2.25,30
37.25,2.75,30
37.25,3.25,30
37.25,3.75,30
37.25,4.25,30
37.25,4.75,30
37.25,5.25,30
37.25,5.75,30
37.25,6.25,616
37.25,6.75,617
37.25,7.25,613
37.25,7.75,611
37.25,8.25,504
37.25,8.75,595
37.25,9.25,610
37.25,9.75,592
37.25,10.25,560
37.25,10.75,580
37.25,11.25,574
37.25,11.75,272
37.25,12.25,300
37.25,12.75,343
37.25,13.25,532
37.25,13.75,529
37.25,14.25,501
37.25,15.25,481
37.25,15.75,18
37.25,16.25,16
37.25,16.75,16
37.25,17.25,13
37.25,17.75,13
37.25,18.25,10
37.25,18.75,10
37.25,19.25,10
37.25,19.75,10
37.25,20.25,10
37.25,20.75,11
37.25,21.25,323
37.25,21.75,244
37.25,22.25,246
37.25,22.75,254
37.25,23.25,256
37.25,23.75,380
37.25,24.25,369
37.25,24.75,362
37.25,25.25,304
37.25,25.75,306
37.25,26.25,256
37.25,26.75,52
37.25,27.25,2
37.25,27.75,35
37.25,28.25,25
37.75,-14.25,48
37.75,-13.75,48
37.75,-13.25,48
37.75,-12.75,47
37.75,-12.25,48
37.75,-11.75,48
37.75,-11.25,49
37.75,-10.75,49
37.75,-10.25,50
37.75,-9.75,50
37.75,-9.25,114
37.75,-8.75,671
37.75,-1.25,617
37.75,-0.75,620
37.75,-0.25,254
37.75,0.25,34
37.75,0.75,29
37.75,1.25,30
37.75,1.75,30
37.75,2.25,30
37.75,2.75,30
37.75,3.25,30
37.75,3.75,30
37.75,4.25,30
37.75,4.75,30
37.75,5.25,30
37.75,5.75,30
37.75,6.25,30
37.75,6.75,30
37.75,7.25,29
37.75,7.75,29
37.75,8.25,29
37.75,8.75,586
37.75,9.25,386
37.75,9.75,244
37.75,10.25,283
37.75,10.75,288
37.75,11.25,189
37.75,11.75,310
37.75,12.25,537
37.75,12.75,515
37.75,13.25,484
37.75,15.25,524
37.75,15.75,476
37.75,16.25,461
37.75,16.75,17
37.75,17.25,14
37.75,17.75,13
37.75,18.25,10
37.75,18.75,10
37.75,19.25,10
37.75,19.75,10
37.75,20.25,11
37.75,20.75,318
37.75,21.25,330
37.75,21.75,380
37.75,22.75,254
37.75,23.25,393
37.75,23.75,398
37.75,24.25,299
37.75,24.75,375
37.75,25.25,319
37.75,25.75,232
37.75,26.25,269
37.75,26.75,177
37.75,27.25,276
38.25,-14.25,46
38.25,-13.75,46
38.25,-13.25,47
38.25,-12.75,46
38.25,-12.25,47
38.25,-11.75,47
38.25,-11.25,48
38.25,-10.75,48
38.25,-10.25,48
38.25,-9.75,57
38.25,-9.25,675
38.25,-8.75,664
38.25,-0.75,614
38.25,-0.25,552
38.25,0.25,254
38.25,0.75,38
38.25,1.25,40
38.25,1.75,27
38.25,2.25,28
38.25,2.75,28
38.25,3.25,29
38.25,3.75,29
38.25,4.25,29
38.25,4.75,29
38.25,5.25,29
38.25,5.75,29
38.25,6.25,28
38.25,6.75,28
38.25,7.25,27
38.25,7.75,27
38.25,8.25,25
38.25,8.75,26
38.25,9.25,28
38.25,9.75,90
38.25,10.25,33
38.25,10.75,33
38.25,11.25,116
38.25,11.75,228
38.25,12.25,520
38.25,12.75,526
38.25,13.25,517
38.25,13.75,481
38.25,14.25,465
38.25,14.75,489
38.25,15.25,516
38.25,15.75,473
38.25,16.25,465
38.25,16.75,403
38.25,17.25,11
38.25,17.75,10
38.25,18.25,10
38.25,18.75,10
38.25,19.25,10
38.25,19.75,10
38.25,20.25,314
38.25,20.75,359
38.25,21.25,182
38.25,21.75,372
38.25,22.25,572
38.25,22.75,574
38.25,23.25,566
38.25,23.75,427
38.25,24.25,270
38.25,24.75,431
38.25,25.25,55
38.25,25.75,378
38.25,26.25,396
38.25,26.75,270
38.25,27.25,255
38.75,-14.25,46
38.75,-13.75,46
38.75,-13.25,47
38.75,-12.75,47
38.75,-12.25,47
38.75,-11.75,47
38.75,-11.25,48
38.75,-10.75,49
38.75,-10.25,118
38.75,-9.75,338
38.75,-9.25,652
38.75,-8.75,611
38.75,-0.25,189
38.75,0.25,539
38.75,0.75,137
38.75,1.25,530
38.75,1.75,534
38.75,2.25,29
38.75,2.75,119
38.75,3.25,29
38.75,3.75,29
38.75,4.25,29
38.75,4.75,29
38.75,5.25,29
38.75,5.75,29
38.75,6.25,28
38.75,6.75,28
38.75,7.25,27
38.75,7.75,31
38.75,8.25,556
38.75,8.75,548
38.75,9.25,488
38.75,9.75,44
38.75,10.25,23
38.75,10.75,24
38.75,11.25,23
38.75,11.75,23
38.75,12.25,23
38.75,12.75,23
38.75,13.25,247
38.75,13.75,20
38.75,14.25,459
38.75,14.75,467
38.75,15.25,459
38.75,15.75,502
38.75,16.25,405
38.75,16.75,405
38.75,17.25,402
38.75,17.75,11
38.75,18.25,10
38.75,18.75,10
38.75,19.25,10
38.75,19.75,10
38.75,20.25,12
38.75,20.75,351
38.75,21.25,356
38.75,22.75,572
38.75,23.25,559
38.75,23.75,573
38.75,24.25,458
38.75,24.75,456
38.75,25.25,166
38.75,25.75,368
38.75,26.25,404
38.75,26.75,403
38.75,27.25,211
39.25,-14.25,45
39.25,-13.75,46
39.25,-13.25,46
39.25,-12.75,46
39.25,-12.25,47
39.25,-11.75,46
39.25,-11.25,46
39.25,-10.75,45
39.25,-10.25,105
39.25,-9.75,332
39.25,-9.25,641
39.25,-0.25,509
39.25,0.25,378
39.25,0.75,21
39.25,1.25,532
39.25,1.75,523
39.25,2.25,257
39.25,2.75,516
39.25,3.25,520
39.25,3.75,190
39.25,4.25,27
39.25,4.75,27
39.25,5.25,26
39.25,5.75,26
39.25,6.25,25
39.25,6.75,25
39.25,7.25,25
39.25,7.75,53
39.25,8.25,546
39.25,8.75,554
39.25,9.25,547
39.25,9.75,475
39.25,10.25,18
39.25,10.75,16
39.25,11.25,18
39.25,11.75,18
39.25,12.25,19
39.25,12.75,19
39.25,13.25,18
39.25,13.75,19
39.25,14.25,19
39.25,14.75,19
39.25,15.25,20
39.25,15.75,227
39.25,16.25,419
39.25,17.25,426
39.25,17.75,13
39.25,18.25,11
39.25,18.75,11
39.25,19.25,11
39.25,19.75,358
39.25,20.25,201
39.25,20.75,394
39.25,21.25,360
39.25,22.75,477
39.25,23.25,566
39.25,23.75,569
39.25,24.25,542
39.25,24.75,501
39.25,25.25,262
39.25,25.75,501
39.25,26.25,515
39.25,26.75,514
39.75,-14.25,46
39.75,-13.75,46
39.75,-13.25,46
39.75,-12.75,46
39.75,-12.25,46
39.75,-11.75,46
39.75,-11.25,46
39.75,-10.75,44
39.75,-10.25,45
39.75,-9.75,293
39.75,-9.25,669
39.75,-8.75,608
39.75,-0.25,515
39.75,0.25,538
39.75,0.75,464
39.75,1.25,25
39.75,1.75,23
39.75,2.25,480
39.75,2.75,473
39.75,3.25,520
39.75,3.75,522
39.75,4.25,558
39.75,4.75,130
39.75,5.25,26
39.75,5.75,26
39.75,6.25,25
39.75,6.75,25
39.75,7.25,25
39.75,7.75,30
39.75,8.25,553
39.75,8.75,410
39.75,9.75,484
39.75,10.25,18
39.75,10.75,17
39.75,11.25,17
39.75,11.75,18
39.75,12.25,18
39.75,12.75,19
39.75,13.25,18
39.75,13.75,19
39.75,14.25,19
39.75,14.75,23
39.75,15.25,350
39.75,15.75,500
39.75,16.75,428
39.75,17.25,427
39.75,17.75,205
39.75,18.25,405
39.75,18.75,209
39.75,19.25,370
39.75,19.75,337
39.75,20.25,353
39.75,22.75,539
39.75,23.25,572
39.75,23.75,569
39.75,24.25,378
39.75,24.75,259
39.75,25.25,515
39.75,25.75,407
39.75,26.25,514
39.75,26.75,511
40.25,-14.25,41
40.25,-13.75,40
40.25,-13.25,40
40.25,-12.75,41
40.25,-12.25,41
40.25,-11.75,41
40.25,-11.25,41
40.25,-10.75,41
40.25,-10.25,42
40.25,-9.75,152
40.25,-9.25,368
40.25,-8.75,641
40.25,0.25,542
40.25,0.75,363
40.25,1.25,251
40.25,1.75,20
40.25,2.25,20
40.25,2.75,21
40.25,3.25,293
40.25,3.75,522
40.25,4.25,536
40.25,4.75,20
40.25,5.25,19
40.25,5.75,19
40.25,6.25,19
40.25,6.75,19
40.25,7.25,19
40.25,7.75,68
40.25,8.25,505
40.25,8.75,432
40.25,9.75,478
40.25,10.25,152
40.25,10.75,16
40.25,11.25,15
40.25,11.75,16
40.25,12.25,16
40.25,12.75,16
40.25,13.25,19
40.25,13.75,19
40.25,14.25,22
40.25,14.75,508
40.25,15.25,505
40.25,15.75,515
40.25,16.75,424
40.25,17.25,427
40.25,17.75,424
40.25,18.25,370
40.25,18.75,398
40.25,19.25,392
40.25,19.75,406
40.25,22.75,570
40.25,23.25,564
40.25,23.75,564
40.25,24.25,540
40.25,24.75,49
40.25,25.25,510
40.25,25.75,478
40.25,26.25,506
40.25,26.75,476
40.25,27.25,448
40.25,27.75,122
40.25,28.25,122
40.25,28.75,128
40.25,29.25,130
40.75,-14.25,40
40.75,-13.75,40
40.75,-13.25,40
40.75,-12.75,41
40.75,-12.25,41
40.75,-11.75,41
40.75,-11.25,41
40.75,-10.75,41
40.75,-10.25,42
40.75,-9.75,41
40.75,-9.25,645
40.75,-8.75,565
40.75,0.75,502
40.75,1.25,312
40.75,1.75,28
40.75,2.25,20
40.75,2.75,20
40.75,3.25,20
40.75,3.75,20
40.75,4.25,20
40.75,4.75,19
40.75,5.25,19
40.75,5.75,20
40.75,6.25,20
40.75,6.75,19
40.75,7.25,19
40.75,7.75,84
40.75,8.25,493
40.75,8.75,481
40.75,9.75,468
40.75,10.25,101
40.75,10.75,16
40.75,11.25,16
40.75,11.75,16
40.75,12.25,17
40.75,12.75,449
40.75,13.25,485
40.75,13.75,504
40.75,14.25,511
40.75,14.75,508
40.75,17.25,424
40.75,17.75,427
40.75,18.25,422
40.75,18.75,186
40.75,19.25,427
40.75,19.75,147
40.75,22.75,533
40.75,23.75,526
40.75,24.25,537
40.75,24.75,538
40.75,25.25,484
40.75,25.75,478
40.75,26.25,489
40.75,26.75,463
40.75,27.25,126
40.75,27.75,122
40.75,28.25,126
40.75,28.75,120
40.75,29.25,131
40.75,29.75,131
40.75,38.25,108
40.75,38.75,104
40.75,40.25,101
41.25,-14.25,40
41.25,-13.75,40
41.25,-13.25,40
41.25,-12.75,40
41.25,-12.25,40
41.25,-11.75,40
41.25,-11.25,40
41.25,-10.75,40
41.25,-10.25,39
41.25,-9.75,40
41.25,-9.25,356
41.25,-8.75,578
41.25,0.75,408
41.25,1.25,529
41.25,1.75,532
41.25,2.25,542
41.25,2.75,253
41.25,3.25,21
41.25,3.75,17
41.25,4.25,16
41.25,4.75,16
41.25,5.25,16
41.25,5.75,16
41.25,6.25,16
41.25,6.75,16
41.25,7.25,14
41.25,7.75,14
41.25,8.25,400
41.25,8.75,420
41.25,9.25,167
41.25,9.75,389
41.25,10.25,17
41.25,10.75,56
41.25,11.25,15
41.25,11.75,15
41.25,12.25,196
41.25,12.75,500
41.25,13.25,519
41.25,13.75,520
41.25,16.25,486
41.25,16.75,427
41.25,17.25,424
41.25,17.75,193
41.25,18.25,46
41.25,18.75,167
41.25,19.25,426
41.25,19.75,267
41.25,25.25,328
41.25,27.75,94
41.25,28.25,126
41.25,28.75,124
41.25,29.25,131
41.25,29.75,132
41.25,30.25,132
41.25,30.75,132
41.25,31.25,130
41.25,31.75,115
41.25,36.25,114
41.25,36.75,113
41.25,37.25,112
41.25,37.75,111
41.25,38.25,112
41.25,38.75,113
41.25,39.25,109
41.25,39.75,109
41.25,40.25,106
41.25,40.75,105
41.25,41.25,103
41.75,-14.25,40
41.75,-13.75,40
41.75,-13.25,40
41.75,-12.75,40
41.75,-12.25,40
41.75,-11.75,40
41.75,-11.25,41
41.75,-10.75,40
41.75,-10.25,39
41.75,-9.75,40
41.75,-9.25,632
41.75,-8.75,645
41.75,2.25,367
41.75,2.75,492
41.75,3.25,488
41.75,3.75,52
41.75,4.25,16
41.75,4.75,16
41.75,5.25,16
41.75,5.75,16
41.75,6.25,16
41.75,6.75,16
41.75,7.25,15
41.75,7.75,14
41.75,8.25,15
41.75,8.75,441
41.75,9.25,408
41.75,9.75,237
41.75,10.25,46
41.75,10.75,15
41.75,11.25,17
41.75,11.75,246
41.75,12.25,467
41.75,12.75,435
41.75,15.25,396
41.75,15.75,496
41.75,16.25,486
41.75,16.75,202
41.75,17.25,97
41.75,17.75,13
41.75,18.25,18
41.75,18.75,185
41.75,19.25,424
41.75,19.75,321
41.75,28.25,127
41.75,28.75,57
41.75,29.25,39
41.75,29.75,2
41.75,30.25,2
41.75,30.75,2
41.75,31.25,40
41.75,31.75,133
41.75,32.25,130
41.75,32.75,131
41.75,33.25,131
41.75,34.25,122
41.75,34.75,129
41.75,35.25,127
41.75,35.75,127
41.75,36.25,118
41.75,36.75,29
41.75,37.25,24
41.75,37.75,1
41.75,38.25,1
41.75,38.75,1
41.75,39.25,1
41.75,39.75,1
41.75,40.25,1
41.75,40.75,1
41.75,41.25,33
41.75,41.75,103
42.25,-14.25,39
42.25,-13.75,39
42.25,-13.25,39
42.25,-12.75,39
42.25,-12.25,39
42.25,-11.75,38
42.25,-11.25,38
42.25,-10.75,38
42.25,-10.25,37
42.25,-9.75,38
42.25,-9.25,461
42.25,-8.75,647
42.25,3.25,484
42.25,3.75,155
42.25,4.25,16
42.25,4.75,16
42.25,5.25,16
42.25,5.75,16
42.25,6.25,16
42.25,6.75,16
42.25,7.25,16
42.25,7.75,16
42.25,8.25,17
42.25,8.75,449
42.25,9.25,268
42.25,9.75,467
42.25,10.25,484
42.25,10.75,492
42.25,11.25,511
42.25,11.75,464
42.25,12.25,163
42.25,14.25,446
42.25,14.75,468
42.25,15.25,467
42.25,15.75,473
42.25,16.25,481
42.25,16.75,212
42.25,17.25,69
42.25,17.75,16
42.25,18.25,406
42.25,18.75,424
42.25,19.25,361
42.25,27.25,31
42.25,27.75,127
42.25,28.25,130
42.25,28.75,3
42.25,29.25,2
42.25,29.75,2
42.25,30.25,2
42.25,30.75,2
42.25,31.25,2
42.25,31.75,2
42.25,32.25,2
42.25,32.75,2
42.25,33.25,133
42.25,33.75,134
42.25,34.25,130
42.25,34.75,130
42.25,35.25,129
42.25,35.75,2
42.25,36.25,1
42.25,36.75,1
42.25,37.25,1
42.25,37.75,1
42.25,38.25,1
42.25,38.75,1
42.25,39.25,1
42.25,39.75,1
42.25,40.25,1
42.25,40.75,1
42.25,41.25,26
42.25,41.75,104
42.75,-14.25,39
42.75,-13.75,39
42.75,-13.25,39
42.75,-12.75,39
42.75,-12.25,40
42.75,-11.75,38
42.75,-11.25,38
42.75,-10.75,38
42.75,-10.25,37
42.75,-9.75,62
42.75,-9.25,642
42.75,-8.75,277
42.75,3.25,484
42.75,3.75,224
42.75,4.25,210
42.75,4.75,158
42.75,5.25,21
42.75,5.75,21
42.75,6.25,212
42.75,6.75,17
42.75,7.25,16
42.75,7.75,16
42.75,8.25,15
42.75,8.75,465
42.75,9.25,459
42.75,9.75,464
42.75,10.25,493
42.75,10.75,513
42.75,11.25,457
42.75,13.75,378
42.75,14.25,467
42.75,14.75,233
42.75,15.25,394
42.75,15.75,421
42.75,16.25,336
42.75,16.75,423
42.75,17.25,254
42.75,17.75,426
42.75,18.25,424
42.75,18.75,83
42.75,27.75,127
42.75,28.25,83
42.75,28.75,25
42.75,29.25,2
42.75,29.75,2
42.75,30.25,2
42.75,30.75,2
42.75,31.25,2
42.75,31.75,2
42.75,32.25,2
42.75,32.75,2
42.75,33.25,2
42.75,33.75,2
42.75,34.25,2
42.75,34.75,2
42.75,35.25,2
42.75,35.75,2
42.75,36.25,1
42.75,36.75,1
42.75,37.25,1
42.75,37.75,1
42.75,38.25,1
42.75,38.75,1
42.75,39.25,1
42.75,39.75,1
42.75,40.25,20
42.75,40.75,58
42.75,41.25,103
42.75,41.75,93
43.25,-14.25,36
43.25,-13.75,36
43.25,-13.25,36
43.25,-12.75,36
43.25,-12.25,37
43.25,-11.75,37
43.25,-11.25,36
43.25,-10.75,36
43.25,-10.25,36
43.25,-9.75,78
43.25,-9.25,643
43.25,-8.75,631
43.25,-8.25,617
43.25,-4.75,640
43.25,-4.25,636
43.25,-3.75,378
43.25,-3.25,630
43.25,-2.75,637
43.25,-2.25,669
43.25,-1.75,674
43.25,3.25,430
43.25,3.75,427
43.25,4.25,342
43.25,4.75,421
43.25,5.25,460
43.25,5.75,463
43.25,6.25,471
43.25,6.75,470
43.25,7.25,17
43.25,7.75,14
43.25,8.25,14
43.25,8.75,14
43.25,9.25,467
43.25,9.75,448
43.25,10.25,478
43.25,10.75,455
43.25,13.75,438
43.25,14.25,310
43.25,14.75,225
43.25,15.25,395
43.25,15.75,469
43.25,16.25,263
43.25,16.75,276
43.25,17.25,364
43.25,17.75,358
43.25,27.75,107
43.25,28.25,122
43.25,28.75,135
43.25,29.25,29
43.25,29.75,2
43.25,30.25,2
43.25,30.75,2
43.25,31.25,2
43.25,31.75,2
43.25,32.25,2
43.25,32.75,2
43.25,33.25,2
43.25,33.75,2
43.25,34.25,2
43.25,34.75,2
43.25,35.25,2
43.25,35.75,2
43.25,36.25,1
43.25,36.75,1
43.25,37.25,1
43.25,37.75,1
43.25,38.25,1
43.25,38.75,1
43.25,39.25,1
43.25,39.75,109
43.25,40.25,107
43.25,40.75,106
43.25,41.25,38
43.75,-14.25,36
43.75,-13.75,36
43.75,-13.25,36
43.75,-12.75,36
43.75,-12.25,36
43.75,-11.75,36
43.75,-11.25,36
43.75,-10.75,36
43.75,-10.25,36
43.75,-9.75,36
43.75,-9.25,110
43.75,-8.75,230
43.75,-8.25,637
43.75,-7.75,638
43.75,-7.25,623
43.75,-6.75,628
43.75,-6.25,637
43.75,-5.75,630
43.75,-5.25,638
43.75,-4.75,630
43.75,-4.25,356
43.75,-3.75,645
43.75,-3.25,636
43.75,-2.75,558
43.75,-2.25,238
43.75,-1.75,655
43.75,-1.25,651
43.75,3.75,421
43.75,4.25,415
43.75,6.75,469
43.75,7.25,466
43.75,7.75,465
43.75,8.25,464
43.75,8.75,15
43.75,9.25,24
43.75,9.75,321
43.75,10.25,486
43.75,12.75,351
43.75,13.25,523
43.75,13.75,550
43.75,14.25,271
43.75,14.75,408
43.75,15.25,322
43.75,15.75,388
43.75,16.25,233
43.75,16.75,61
43.75,28.75,128
43.75,29.25,56
43.75,29.75,135
43.75,30.25,58
43.75,30.75,2
43.75,31.25,2
43.75,31.75,2
43.75,32.25,2
43.75,32.75,2
43.75,33.25,2
43.75,33.75,2
43.75,34.25,2
43.75,34.75,2
43.75,35.25,2
43.75,35.75,2
43.75,36.25,1
43.75,36.75,1
43.75,37.25,1
43.75,37.75,1
43.75,38.25,1
43.75,38.75,1
43.75,39.25,113
43.75,39.75,110
44.25,-14.25,34
44.25,-13.75,34
44.25,-13.25,34
44.25,-12.75,34
44.25,-12.25,34
44.25,-11.75,34
44.25,-11.25,34
44.25,-10.75,34
44.25,-10.25,34
44.25,-9.75,34
44.25,-9.25,35
44.25,-8.75,44
44.25,-8.25,100
44.25,-7.75,209
44.25,-7.25,257
44.25,-6.75,124
44.25,-6.25,36
44.25,-5.75,37
44.25,-5.25,43
44.25,-4.75,44
44.25,-4.25,37
44.25,-3.75,36
44.25,-3.25,37
44.25,-2.75,40
44.25,-2.25,85
44.25,-1.75,286
44.25,-1.25,643
44.25,8.25,463
44.25,8.75,458
44.25,9.25,474
44.25,9.75,480
44.25,10.25,480
44.25,12.25,412
44.25,12.75,459
44.25,13.25,441
44.25,13.75,265
44.25,14.25,427
44.25,14.75,123
44.25,15.25,473
44.25,15.75,74
44.25,28.75,92
44.25,29.25,46
44.25,29.75,54
44.25,30.25,45
44.25,30.75,38
44.25,31.25,19
44.25,31.75,1
44.25,32.25,1
44.25,32.75,1
44.25,33.25,65
44.25,33.75,135
44.25,34.25,133
44.25,34.75,1
44.25,35.25,1
44.25,35.75,1
44.25,37.25,1
44.25,37.75,1
44.25,38.25,115
44.25,38.75,115
44.25,39.25,116
44.75,-14.25,34
44.75,-13.75,34
44.75,-13.25,34
44.75,-12.75,34
44.75,-12.25,34
44.75,-11.75,34
44.75,-11.25,34
44.75,-10.75,34
44.75,-10.25,34
44.75,-9.75,34
44.75,-9.25,34
44.75,-8.75,34
44.75,-8.25,34
44.75,-7.75,34
44.75,-7.25,34
44.75,-6.75,35
44.75,-6.25,35
44.75,-5.75,36
44.75,-5.25,36
44.75,-4.75,36
44.75,-4.25,36
44.75,-3.75,36
44.75,-3.25,37
44.75,-2.75,40
44.75,-2.25,402
44.75,-1.75,369
44.75,-1.25,636
44.75,12.25,391
44.75,12.75,380
44.75,13.25,263
44.75,13.75,548
44.75,14.25,81
44.75,14.75,568
44.75,15.25,82
44.75,28.75,107
44.75,29.25,53
44.75,29.75,69
44.75,30.25,48
44.75,30.75,55
44.75,31.25,44
44.75,31.75,32
44.75,32.25,35
44.75,32.75,34
44.75,33.25,130
44.75,33.75,125
44.75,34.25,120
44.75,34.75,121
44.75,35.25,120
44.75,35.75,114
44.75,36.25,107
44.75,36.75,105
44.75,37.25,111
44.75,37.75,110
44.75,38.25,112
45.25,-14.25,30
45.25,-13.75,29
45.25,-13.25,29
45.25,-12.75,29
45.25,-12.25,29
45.25,-11.75,29
45.25,-11.25,29
45.25,-10.75,29
45.25,-10.25,29
45.25,-9.75,29
45.25,-9.25,29
45.25,-8.75,29
45.25,-8.25,29
45.25,-7.75,29
45.25,-7.25,29
45.25,-6.75,31
45.25,-6.25,31
45.25,-5.75,31
45.25,-5.25,31
45.25,-4.75,31
45.25,-4.25,31
45.25,-3.75,32
45.25,-3.25,285
45.25,-2.75,604
45.25,-2.25,616
45.25,-1.75,323
45.25,-1.25,603
45.25,-0.75,573
45.25,12.25,463
45.25,12.75,445
45.25,13.25,428
45.25,13.75,516
45.25,14.25,431
45.25,14.75,519
45.25,29.25,33
45.25,29.75,37
45.25,30.25,58
45.25,30.75,50
45.25,31.25,49
45.25,31.75,47
45.25,32.25,49
45.25,32.75,125
45.25,33.25,120
45.25,33.75,120
45.25,35.25,96
45.25,35.75,93
45.25,36.25,95
45.25,36.75,103
45.25,37.25,106
45.25,37.75,58
45.75,-14.25,30
45.75,-13.75,29
45.75,-13.25,29
45.75,-12.75,29
45.75,-12.25,29
45.75,-11.75,29
45.75,-11.25,29
45.75,-10.75,29
45.75,-10.25,29
45.75,-9.75,29
45.75,-9.25,29
45.75,-8.75,29
45.75,-8.25,29
45.75,-7.75,29
45.75,-7.25,29
45.75,-6.75,31
45.75,-6.25,31
45.75,-5.75,31
45.75,-5.25,31
45.75,-4.75,31
45.75,-4.25,31
45.75,-3.75,578
45.75,-3.25,596
45.75,-2.75,282
45.75,-2.25,313
45.75,-1.75,377
45.75,-1.25,440
45.75,-0.75,278
45.75,12.25,98
45.75,12.75,473
45.75,13.25,504
45.75,13.75,308
45.75,29.75,80
45.75,30.25,74
45.75,30.75,51
45.75,31.25,58
45.75,31.75,60
45.75,32.25,63
45.75,32.75,94
45.75,33.25,119
45.75,33.75,115
45.75,34.75,103
45.75,35.25,97
45.75,35.75,101
45.75,36.25,96
45.75,36.75,86
45.75,37.25,41
45.75,37.75,96
46.25,-14.25,29
46.25,-13.75,29
46.25,-13.25,29
46.25,-12.75,29
46.25,-12.25,29
46.25,-11.75,29
46.25,-11.25,29
46.25,-10.75,29
46.25,-10.25,29
46.25,-9.75,29
46.25,-9.25,29
46.25,-8.75,29
46.25,-8.25,29
46.25,-7.75,29
46.25,-7.25,29
46.25,-6.75,29
46.25,-6.25,29
46.25,-5.75,29
46.25,-5.25,29
46.25,-4.75,286
46.25,-4.25,323
46.25,-3.75,617
46.25,-3.25,267
46.25,-2.75,323
46.25,-2.25,353
46.25,-1.75,576
46.25,-1.25,566
46.25,30.25,85
46.25,30.75,82
46.25,31.25,56
46.25,31.75,85
46.25,32.25,83
46.25,32.75,70
46.25,33.25,76
46.25,33.75,111
46.25,34.75,98
46.25,35.25,102
46.25,35.75,113
46.25,36.25,65
46.25,36.75,48
46.25,37.25,42
46.25,37.75,99
46.25,38.25,97
46.25,38.75,99
46.75,-14.25,29
46.75,-13.75,29
46.75,-13.25,29
46.75,-12.75,29
46.75,-12.25,29
46.75,-11.75,29
46.75,-11.25,29
46.75,-10.75,29
46.75,-10.25,29
46.75,-9.75,29
46.75,-9.25,29
46.75,-8.75,29
46.75,-8.25,29
46.75,-7.75,29
46.75,-7.25,29
46.75,-6.75,29
46.75,-6.25,29
46.75,-5.75,30
46.75,-5.25,182
46.75,-4.75,404
46.75,-4.25,262
46.75,-3.75,242
46.75,-3.25,289
46.75,-2.75,347
46.75,-2.25,605
46.75,-1.75,547
46.75,30.75,82
46.75,31.25,89
46.75,31.75,86
46.75,32.25,88
46.75,35.25,39
46.75,35.75,114
46.75,36.25,100
46.75,36.75,100
46.75,37.25,102
46.75,37.75,65
46.75,38.25,27
46.75,38.75,91
47.25,-14.25,26
47.25,-13.75,26
47.25,-13.25,26
47.25,-12.75,26
47.25,-12.25,26
47.25,-11.75,26
47.25,-11.25,26
47.25,-10.75,26
47.25,-10.25,26
47.25,-9.75,26
47.25,-9.25,26
47.25,-8.75,26
47.25,-8.25,26
47.25,-7.75,26
47.25,-7.25,26
47.25,-6.75,26
47.25,-6.25,203
47.25,-5.75,209
47.25,-5.25,251
47.25,-4.75,230
47.25,-4.25,236
47.25,-3.75,227
47.25,-3.25,614
47.25,-2.75,612
47.25,-2.25,532
47.25,-1.75,376
47.25,37.25,45
47.25,37.75,39
47.25,38.25,55
47.25,38.75,96
47.25,39.25,91
47.75,-14.25,26
47.75,-13.75,26
47.75,-13.25,26
47.75,-12.75,26
47.75,-12.25,26
47.75,-11.75,26
47.75,-11.25,26
47.75,-10.75,26
47.75,-10.25,26
47.75,-9.75,26
47.75,-9.25,26
47.75,-8.75,26
47.75,-8.25,32
47.75,-7.75,113
47.75,-7.25,283
47.75,-6.75,197
47.75,-6.25,241
47.75,-5.75,208
47.75,-5.25,303
47.75,-4.75,571
47.75,-4.25,595
47.75,-3.75,607
47.75,-3.25,613
47.75,-2.75,622
47.75,-2.25,271
48.25,-14.25,25
48.25,-13.75,25
48.25,-13.25,25
48.25,-12.75,25
48.25,-12.25,25
48.25,-11.75,25
48.25,-11.25,25
48.25,-10.75,25
48.25,-10.25,25
48.25,-9.75,86
48.25,-9.25,192
48.25,-8.75,171
48.25,-8.25,182
48.25,-7.75,192
48.25,-7.25,234
48.25,-6.75,382
48.25,-6.25,312
48.25,-5.75,294
48.25,-5.25,615
48.25,-4.75,593
48.25,-4.25,623
48.75,-14.25,25
48.75,-13.75,25
48.75,-13.25,25
48.75,-12.75,25
48.75,-12.25,25
48.75,-11.75,25
48.75,-11.25,25
48.75,-10.75,187
48.75,-10.25,200
48.75,-9.75,165
48.75,-9.25,228
48.75,-8.75,260
48.75,-8.25,286
48.75,-7.75,242
48.75,-7.25,244
48.75,-6.75,231
48.75,-6.25,232
48.75,-5.75,253
48.75,-5.25,519
48.75,-4.75,606
48.75,-4.25,604
48.75,-3.75,577
48.75,-3.25,494
48.75,-2.75,624
48.75,-2.25,561
48.75,-1.75,597
48.75,-1.25,538
